{
  "AWSTemplateFormatVersion": "2010-09-09",
  "Description": "The AWS CloudFormation template for this Serverless application",
  "Resources": {
    "ServerlessDeploymentBucket": {
      "Type": "AWS::S3::Bucket",
      "Properties": {
        "BucketEncryption": {
          "ServerSideEncryptionConfiguration": [
            {
              "ServerSideEncryptionByDefault": {
                "SSEAlgorithm": "AES256"
              }
            }
          ]
        }
      }
    },
    "ServerlessDeploymentBucketPolicy": {
      "Type": "AWS::S3::BucketPolicy",
      "Properties": {
        "Bucket": {
          "Ref": "ServerlessDeploymentBucket"
        },
        "PolicyDocument": {
          "Statement": [
            {
              "Action": "s3:*",
              "Effect": "Deny",
              "Principal": "*",
              "Resource": [
                {
                  "Fn::Join": [
                    "",
                    [
                      "arn:",
                      {
                        "Ref": "AWS::Partition"
                      },
                      ":s3:::",
                      {
                        "Ref": "ServerlessDeploymentBucket"
                      },
                      "/*"
                    ]
                  ]
                },
                {
                  "Fn::Join": [
                    "",
                    [
                      "arn:",
                      {
                        "Ref": "AWS::Partition"
                      },
                      ":s3:::",
                      {
                        "Ref": "ServerlessDeploymentBucket"
                      }
                    ]
                  ]
                }
              ],
              "Condition": {
                "Bool": {
                  "aws:SecureTransport": false
                }
              }
            }
          ]
        }
      }
    },
    "HelloLogGroup": {
      "Type": "AWS::Logs::LogGroup",
      "Properties": {
        "LogGroupName": "/aws/lambda/aws-node-http-api-project-dev-hello"
      }
    },
    "IamRoleLambdaExecution": {
      "Type": "AWS::IAM::Role",
      "Properties": {
        "AssumeRolePolicyDocument": {
          "Version": "2012-10-17",
          "Statement": [
            {
              "Effect": "Allow",
              "Principal": {
                "Service": [
                  "lambda.amazonaws.com"
                ]
              },
              "Action": [
                "sts:AssumeRole"
              ]
            }
          ]
        },
        "Policies": [
          {
            "PolicyName": {
              "Fn::Join": [
                "-",
                [
                  "aws-node-http-api-project",
                  "dev",
                  "lambda"
                ]
              ]
            },
            "PolicyDocument": {
              "Version": "2012-10-17",
              "Statement": [
                {
                  "Effect": "Allow",
                  "Action": [
                    "logs:CreateLogStream",
                    "logs:CreateLogGroup"
                  ],
                  "Resource": [
                    {
                      "Fn::Sub": "arn:${AWS::Partition}:logs:${AWS::Region}:${AWS::AccountId}:log-group:/aws/lambda/aws-node-http-api-project-dev*:*"
                    }
                  ]
                },
                {
                  "Effect": "Allow",
                  "Action": [
                    "logs:PutLogEvents"
                  ],
                  "Resource": [
                    {
                      "Fn::Sub": "arn:${AWS::Partition}:logs:${AWS::Region}:${AWS::AccountId}:log-group:/aws/lambda/aws-node-http-api-project-dev*:*:*"
                    }
                  ]
                }
              ]
            }
          }
        ],
        "Path": "/",
        "RoleName": {
          "Fn::Join": [
            "-",
            [
              "aws-node-http-api-project",
              "dev",
              {
                "Ref": "AWS::Region"
              },
              "lambdaRole"
            ]
          ]
        }
      }
    },
    "EnterpriseLogAccessIamRole": {
      "Type": "AWS::IAM::Role",
      "Properties": {
        "AssumeRolePolicyDocument": {
          "Version": "2012-10-17",
          "Statement": [
            {
              "Effect": "Allow",
              "Principal": {
                "AWS": "arn:aws:iam::802587217904:root"
              },
              "Action": "sts:AssumeRole",
              "Condition": {
                "StringEquals": {
                  "sts:ExternalId": "ServerlessEnterprise-8e315edf-6277-4beb-a387-cb982976df42"
                }
              }
            }
          ]
        },
        "Policies": [
          {
            "PolicyName": "LogFilterAccess",
            "PolicyDocument": {
              "Version": "2012-10-17",
              "Statement": [
                {
                  "Effect": "Allow",
                  "Action": [
                    "logs:FilterLogEvents"
                  ],
                  "Resource": [
                    {
                      "Fn::GetAtt": [
                        "HelloLogGroup",
                        "Arn"
                      ]
                    }
                  ]
                }
              ]
            }
          }
        ]
      }
    },
    "HelloLambdaFunction": {
      "Type": "AWS::Lambda::Function",
      "Properties": {
        "Code": {
          "S3Bucket": {
            "Ref": "ServerlessDeploymentBucket"
          },
          "S3Key": "serverless/aws-node-http-api-project/dev/1669597449221-2022-11-28T01:04:09.221Z/aws-node-http-api-project.zip"
        },
        "Handler": "s_hello.handler",
        "Runtime": "nodejs14.x",
        "FunctionName": "aws-node-http-api-project-dev-hello",
        "MemorySize": 1024,
        "Timeout": 6,
        "Role": {
          "Fn::GetAtt": [
            "IamRoleLambdaExecution",
            "Arn"
          ]
        }
      },
      "DependsOn": [
        "HelloLogGroup"
      ]
    },
    "HelloLambdaVersionyTZujJZwEer5r7Z0XM30k8L2jZRQ1YFNigQ1UK1B4U": {
      "Type": "AWS::Lambda::Version",
      "DeletionPolicy": "Retain",
      "Properties": {
        "FunctionName": {
          "Ref": "HelloLambdaFunction"
        },
        "CodeSha256": "NMXsC81pxS5+915Gm/X8ocQVyEyUEodgRQJxKbMk9cU="
      }
    },
    "HttpApi": {
      "Type": "AWS::ApiGatewayV2::Api",
      "Properties": {
        "Name": "dev-aws-node-http-api-project",
        "ProtocolType": "HTTP"
      }
    },
    "HttpApiLogGroup": {
      "Type": "AWS::Logs::LogGroup",
      "Properties": {
        "LogGroupName": "/aws/http-api/aws-node-http-api-project-dev"
      }
    },
    "HttpApiStage": {
      "Type": "AWS::ApiGatewayV2::Stage",
      "Properties": {
        "ApiId": {
          "Ref": "HttpApi"
        },
        "StageName": "$default",
        "AutoDeploy": true,
        "DefaultRouteSettings": {
          "DetailedMetricsEnabled": false
        },
        "AccessLogSettings": {
          "DestinationArn": {
            "Fn::GetAtt": [
              "HttpApiLogGroup",
              "Arn"
            ]
          },
          "Format": "{\"requestTime\":\"$context.requestTime\",\"requestId\":\"$context.requestId\",\"apiId\":\"$context.apiId\",\"resourcePath\":\"$context.routeKey\",\"path\":\"$context.path\",\"httpMethod\":\"$context.httpMethod\",\"stage\":\"$context.stage\",\"status\":\"$context.status\",\"integrationStatus\":\"$context.integrationStatus\",\"integrationLatency\":\"$context.integrationLatency\",\"responseLatency\":\"$context.responseLatency\",\"responseLength\":\"$context.responseLength\",\"errorMessage\":\"$context.error.message\",\"format\":\"SLS_HTTP_API_LOG\",\"version\":\"1.0.0\"}"
        }
      },
      "DependsOn": "HttpApiLogGroup"
    },
    "HelloLambdaPermissionHttpApi": {
      "Type": "AWS::Lambda::Permission",
      "Properties": {
        "FunctionName": {
          "Fn::GetAtt": [
            "HelloLambdaFunction",
            "Arn"
          ]
        },
        "Action": "lambda:InvokeFunction",
        "Principal": "apigateway.amazonaws.com",
        "SourceArn": {
          "Fn::Join": [
            "",
            [
              "arn:",
              {
                "Ref": "AWS::Partition"
              },
              ":execute-api:",
              {
                "Ref": "AWS::Region"
              },
              ":",
              {
                "Ref": "AWS::AccountId"
              },
              ":",
              {
                "Ref": "HttpApi"
              },
              "/*"
            ]
          ]
        }
      }
    },
    "HttpApiIntegrationHello": {
      "Type": "AWS::ApiGatewayV2::Integration",
      "Properties": {
        "ApiId": {
          "Ref": "HttpApi"
        },
        "IntegrationType": "AWS_PROXY",
        "IntegrationUri": {
          "Fn::GetAtt": [
            "HelloLambdaFunction",
            "Arn"
          ]
        },
        "PayloadFormatVersion": "2.0",
        "TimeoutInMillis": 30000
      }
    },
    "HttpApiRoutePost": {
      "Type": "AWS::ApiGatewayV2::Route",
      "Properties": {
        "ApiId": {
          "Ref": "HttpApi"
        },
        "RouteKey": "POST /",
        "Target": {
          "Fn::Join": [
            "/",
            [
              "integrations",
              {
                "Ref": "HttpApiIntegrationHello"
              }
            ]
          ]
        }
      },
      "DependsOn": "HttpApiIntegrationHello"
    },
    "CWLSubFilterHelloLogGroupUsEast1": {
      "Type": "AWS::Logs::SubscriptionFilter",
      "Properties": {
        "DestinationArn": "arn:aws:logs:us-east-1:802587217904:destination:8e315edf-6277-4beb-a387-cb982976df42#Z8vpLK4FFFcg7StQ1c#aws-node-http-api-project#dev",
        "FilterPattern": "?\"REPORT RequestId: \" ?\"SERVERLESS_ENTERPRISE\"",
        "LogGroupName": {
          "Ref": "HelloLogGroup"
        }
      }
    },
    "CWLSubFilterHttpApiLogGroupUsEast1": {
      "Type": "AWS::Logs::SubscriptionFilter",
      "Properties": {
        "DestinationArn": "arn:aws:logs:us-east-1:802587217904:destination:8e315edf-6277-4beb-a387-cb982976df42#Z8vpLK4FFFcg7StQ1c#aws-node-http-api-project#dev",
        "FilterPattern": "\"SLS_HTTP_API_LOG\"",
        "LogGroupName": {
          "Ref": "HttpApiLogGroup"
        }
      }
    }
  },
  "Outputs": {
    "ServerlessDeploymentBucketName": {
      "Value": {
        "Ref": "ServerlessDeploymentBucket"
      },
      "Export": {
        "Name": "sls-aws-node-http-api-project-dev-ServerlessDeploymentBucketName"
      }
    },
    "EnterpriseLogAccessIamRole": {
      "Value": {
        "Fn::GetAtt": [
          "EnterpriseLogAccessIamRole",
          "Arn"
        ]
      },
      "Export": {
        "Name": "sls-aws-node-http-api-project-dev-EnterpriseLogAccessIamRole"
      }
    },
    "HelloLambdaFunctionQualifiedArn": {
      "Description": "Current Lambda function version",
      "Value": {
        "Ref": "HelloLambdaVersionyTZujJZwEer5r7Z0XM30k8L2jZRQ1YFNigQ1UK1B4U"
      },
      "Export": {
        "Name": "sls-aws-node-http-api-project-dev-HelloLambdaFunctionQualifiedArn"
      }
    },
    "HttpApiId": {
      "Description": "Id of the HTTP API",
      "Value": {
        "Ref": "HttpApi"
      },
      "Export": {
        "Name": "sls-aws-node-http-api-project-dev-HttpApiId"
      }
    },
    "HttpApiUrl": {
      "Description": "URL of the HTTP API",
      "Value": {
        "Fn::Join": [
          "",
          [
            "https://",
            {
              "Ref": "HttpApi"
            },
            ".execute-api.",
            {
              "Ref": "AWS::Region"
            },
            ".",
            {
              "Ref": "AWS::URLSuffix"
            }
          ]
        ]
      },
      "Export": {
        "Name": "sls-aws-node-http-api-project-dev-HttpApiUrl"
      }
    }
  }
}